<metadata xml:lang="en"><Esri><CreaDate>20190923</CreaDate><CreaTime>21443300</CreaTime><ArcGISFormat>1.0</ArcGISFormat><SyncOnce>FALSE</SyncOnce><DataProperties><itemProps><itemName Sync="TRUE">levee</itemName><imsContentType Sync="TRUE">002</imsContentType><itemLocation><linkage Sync="TRUE">file://\\LAURAKS\Users\Laura\Documents\geog575\lab1\geog575\data\shapefiles\levee.shp</linkage><protocol Sync="TRUE">Local Area Network</protocol></itemLocation><itemSize Sync="TRUE">0.000</itemSize></itemProps><coordRef><type Sync="TRUE">Geographic</type><geogcsn Sync="TRUE">GCS_WGS_1984</geogcsn><csUnits Sync="TRUE">Angular Unit: Degree (0.017453)</csUnits><peXml Sync="TRUE">&lt;GeographicCoordinateSystem xsi:type='typens:GeographicCoordinateSystem' xmlns:xsi='http://www.w3.org/2001/XMLSchema-instance' xmlns:xs='http://www.w3.org/2001/XMLSchema' xmlns:typens='http://www.esri.com/schemas/ArcGIS/10.6'&gt;&lt;WKT&gt;GEOGCS[&amp;quot;GCS_WGS_1984&amp;quot;,DATUM[&amp;quot;D_WGS_1984&amp;quot;,SPHEROID[&amp;quot;WGS_1984&amp;quot;,6378137.0,298.257223563]],PRIMEM[&amp;quot;Greenwich&amp;quot;,0.0],UNIT[&amp;quot;Degree&amp;quot;,0.0174532925199433],AUTHORITY[&amp;quot;EPSG&amp;quot;,4326]]&lt;/WKT&gt;&lt;XOrigin&gt;-400&lt;/XOrigin&gt;&lt;YOrigin&gt;-400&lt;/YOrigin&gt;&lt;XYScale&gt;11258999068426.238&lt;/XYScale&gt;&lt;ZOrigin&gt;-100000&lt;/ZOrigin&gt;&lt;ZScale&gt;10000&lt;/ZScale&gt;&lt;MOrigin&gt;-100000&lt;/MOrigin&gt;&lt;MScale&gt;10000&lt;/MScale&gt;&lt;XYTolerance&gt;8.983152841195215e-09&lt;/XYTolerance&gt;&lt;ZTolerance&gt;0.001&lt;/ZTolerance&gt;&lt;MTolerance&gt;0.001&lt;/MTolerance&gt;&lt;HighPrecision&gt;true&lt;/HighPrecision&gt;&lt;LeftLongitude&gt;-180&lt;/LeftLongitude&gt;&lt;WKID&gt;4326&lt;/WKID&gt;&lt;LatestWKID&gt;4326&lt;/LatestWKID&gt;&lt;/GeographicCoordinateSystem&gt;</peXml></coordRef><lineage><Process ToolSource="c:\program files (x86)\arcgis\desktop10.6\ArcToolbox\Toolboxes\Data Management Tools.tbx\Merge" Date="20190923" Time="214434">Merge minnesota;wisconsin;tenneessee;missouri;mississippi;louisana;kentucky;iowa;arkansas;illinois C:\Users\Laura\Documents\ArcGIS\Default.gdb\levee "id "id" true true false 18 Double 0 18 ,First,#,minnesota,id,-1,-1,wisconsin,id,-1,-1,tenneessee,id,-1,-1,missouri,id,-1,-1,mississippi,id,-1,-1,louisana,id,-1,-1,kentucky,id,-1,-1,iowa,id,-1,-1,arkansas,id,-1,-1,illinois,id,-1,-1;name "name" true true false 254 Text 0 0 ,First,#,minnesota,name,-1,-1,wisconsin,name,-1,-1,tenneessee,name,-1,-1,missouri,name,-1,-1,mississippi,name,-1,-1,louisana,name,-1,-1,kentucky,name,-1,-1,iowa,name,-1,-1,arkansas,name,-1,-1,illinois,name,-1,-1;leveedId "leveedId" true true false 254 Text 0 0 ,First,#,minnesota,leveedId,-1,-1,wisconsin,leveedId,-1,-1,tenneessee,leveedId,-1,-1,missouri,leveedId,-1,-1,mississippi,leveedId,-1,-1,louisana,leveedId,-1,-1,kentucky,leveedId,-1,-1,iowa,leveedId,-1,-1,arkansas,leveedId,-1,-1,illinois,leveedId,-1,-1;location "location" true true false 254 Text 0 0 ,First,#,minnesota,location,-1,-1,wisconsin,location,-1,-1,tenneessee,location,-1,-1,missouri,location,-1,-1,mississippi,location,-1,-1,louisana,location,-1,-1,kentucky,location,-1,-1,iowa,location,-1,-1,arkansas,location,-1,-1,illinois,location,-1,-1;waterway "waterway" true true false 254 Text 0 0 ,First,#,minnesota,waterway,-1,-1,wisconsin,waterway,-1,-1,tenneessee,waterway,-1,-1,missouri,waterway,-1,-1,mississippi,waterway,-1,-1,louisana,waterway,-1,-1,kentucky,waterway,-1,-1,iowa,waterway,-1,-1,arkansas,waterway,-1,-1,illinois,waterway,-1,-1;states "states" true true false 254 Text 0 0 ,First,#,minnesota,states,-1,-1,wisconsin,states,-1,-1,tenneessee,states,-1,-1,missouri,states,-1,-1,mississippi,states,-1,-1,louisana,states,-1,-1,kentucky,states,-1,-1,iowa,states,-1,-1,arkansas,states,-1,-1,illinois,states,-1,-1;femaAccr "femaAccr" true true false 254 Text 0 0 ,First,#,minnesota,femaAccr,-1,-1,wisconsin,femaAccr,-1,-1,tenneessee,femaAccr,-1,-1,missouri,femaAccr,-1,-1,mississippi,femaAccr,-1,-1,louisana,femaAccr,-1,-1,kentucky,femaAccr,-1,-1,iowa,femaAccr,-1,-1,arkansas,femaAccr,-1,-1,illinois,femaAccr,-1,-1;femaInfo "femaInfo" true true false 254 Text 0 0 ,First,#,minnesota,femaInfo,-1,-1,wisconsin,femaInfo,-1,-1,tenneessee,femaInfo,-1,-1,missouri,femaInfo,-1,-1,mississippi,femaInfo,-1,-1,louisana,femaInfo,-1,-1,kentucky,femaInfo,-1,-1,iowa,femaInfo,-1,-1,arkansas,femaInfo,-1,-1,illinois,femaInfo,-1,-1"</Process><Process ToolSource="c:\program files (x86)\arcgis\desktop10.6\ArcToolbox\Toolboxes\Conversion Tools.tbx\FeatureClassToFeatureClass" Date="20190929" Time="224530">FeatureClassToFeatureClass C:\Users\Laura\Documents\ArcGIS\Default.gdb\levee C:\Users\Laura\Documents\geog575\lab1\geog575\data\shapefiles levee.shp # "id "id" true true false 8 Double 0 0 ,First,#,C:\Users\Laura\Documents\ArcGIS\Default.gdb\levee,id,-1,-1;name "name" true true false 254 Text 0 0 ,First,#,C:\Users\Laura\Documents\ArcGIS\Default.gdb\levee,name,-1,-1;leveedId "leveedId" true true false 254 Text 0 0 ,First,#,C:\Users\Laura\Documents\ArcGIS\Default.gdb\levee,leveedId,-1,-1;location "location" true true false 254 Text 0 0 ,First,#,C:\Users\Laura\Documents\ArcGIS\Default.gdb\levee,location,-1,-1;waterway "waterway" true true false 254 Text 0 0 ,First,#,C:\Users\Laura\Documents\ArcGIS\Default.gdb\levee,waterway,-1,-1;states "states" true true false 254 Text 0 0 ,First,#,C:\Users\Laura\Documents\ArcGIS\Default.gdb\levee,states,-1,-1;femaAccr "femaAccr" true true false 254 Text 0 0 ,First,#,C:\Users\Laura\Documents\ArcGIS\Default.gdb\levee,femaAccr,-1,-1;femaInfo "femaInfo" true true false 254 Text 0 0 ,First,#,C:\Users\Laura\Documents\ArcGIS\Default.gdb\levee,femaInfo,-1,-1;Shape_Leng "Shape_Leng" false true true 8 Double 0 0 ,First,#,C:\Users\Laura\Documents\ArcGIS\Default.gdb\levee,Shape_Length,-1,-1" #</Process></lineage></DataProperties><SyncDate>20190929</SyncDate><SyncTime>22452900</SyncTime><ModDate>20190929</ModDate><ModTime>22452900</ModTime></Esri><dataIdInfo><envirDesc Sync="TRUE">Microsoft Windows 7 Version 6.1 (Build 7601) Service Pack 1; Esri ArcGIS 10.6.0.8321</envirDesc><dataLang><languageCode value="eng" Sync="TRUE"></languageCode><countryCode value="USA" Sync="TRUE"></countryCode></dataLang><idCitation><resTitle Sync="TRUE">levee</resTitle><presForm><PresFormCd value="005" Sync="TRUE"></PresFormCd></presForm></idCitation><spatRpType><SpatRepTypCd value="001" Sync="TRUE"></SpatRepTypCd></spatRpType></dataIdInfo><mdLang><languageCode value="eng" Sync="TRUE"></languageCode><countryCode value="USA" Sync="TRUE"></countryCode></mdLang><distInfo><distFormat><formatName Sync="TRUE">Shapefile</formatName></distFormat><distTranOps><transSize Sync="TRUE">0.000</transSize></distTranOps></distInfo><mdHrLv><ScopeCd value="005" Sync="TRUE"></ScopeCd></mdHrLv><mdHrLvName Sync="TRUE">dataset</mdHrLvName><refSysInfo><RefSystem><refSysID><identCode code="4326" Sync="TRUE"></identCode><idCodeSpace Sync="TRUE">EPSG</idCodeSpace><idVersion Sync="TRUE">6.14(3.0.1)</idVersion></refSysID></RefSystem></refSysInfo><spatRepInfo><VectSpatRep><geometObjs Name="levee"><geoObjTyp><GeoObjTypCd value="002" Sync="TRUE"></GeoObjTypCd></geoObjTyp><geoObjCnt Sync="TRUE">0</geoObjCnt></geometObjs><topLvl><TopoLevCd value="001" Sync="TRUE"></TopoLevCd></topLvl></VectSpatRep></spatRepInfo><spdoinfo><ptvctinf><esriterm Name="levee"><efeatyp Sync="TRUE">Simple</efeatyp><efeageom code="3" Sync="TRUE"></efeageom><esritopo Sync="TRUE">FALSE</esritopo><efeacnt Sync="TRUE">0</efeacnt><spindex Sync="TRUE">FALSE</spindex><linrefer Sync="TRUE">FALSE</linrefer></esriterm></ptvctinf></spdoinfo><eainfo><detailed Name="levee"><enttyp><enttypl Sync="TRUE">levee</enttypl><enttypt Sync="TRUE">Feature Class</enttypt><enttypc Sync="TRUE">0</enttypc></enttyp><attr><attrlabl Sync="TRUE">FID</attrlabl><attalias Sync="TRUE">FID</attalias><attrtype Sync="TRUE">OID</attrtype><attwidth Sync="TRUE">4</attwidth><atprecis Sync="TRUE">0</atprecis><attscale Sync="TRUE">0</attscale><attrdef Sync="TRUE">Internal feature number.</attrdef><attrdefs Sync="TRUE">Esri</attrdefs><attrdomv><udom Sync="TRUE">Sequential unique whole numbers that are automatically generated.</udom></attrdomv></attr><attr><attrlabl Sync="TRUE">Shape</attrlabl><attalias Sync="TRUE">Shape</attalias><attrtype Sync="TRUE">Geometry</attrtype><attwidth Sync="TRUE">0</attwidth><atprecis Sync="TRUE">0</atprecis><attscale Sync="TRUE">0</attscale><attrdef Sync="TRUE">Feature geometry.</attrdef><attrdefs Sync="TRUE">Esri</attrdefs><attrdomv><udom Sync="TRUE">Coordinates defining the features.</udom></attrdomv></attr><attr><attrlabl Sync="TRUE">id</attrlabl><attalias Sync="TRUE">id</attalias><attrtype Sync="TRUE">Double</attrtype><attwidth Sync="TRUE">19</attwidth><atprecis Sync="TRUE">0</atprecis><attscale Sync="TRUE">0</attscale></attr><attr><attrlabl Sync="TRUE">name</attrlabl><attalias Sync="TRUE">name</attalias><attrtype Sync="TRUE">String</attrtype><attwidth Sync="TRUE">254</attwidth><atprecis Sync="TRUE">0</atprecis><attscale Sync="TRUE">0</attscale></attr><attr><attrlabl Sync="TRUE">leveedId</attrlabl><attalias Sync="TRUE">leveedId</attalias><attrtype Sync="TRUE">String</attrtype><attwidth Sync="TRUE">254</attwidth><atprecis Sync="TRUE">0</atprecis><attscale Sync="TRUE">0</attscale></attr><attr><attrlabl Sync="TRUE">location</attrlabl><attalias Sync="TRUE">location</attalias><attrtype Sync="TRUE">String</attrtype><attwidth Sync="TRUE">254</attwidth><atprecis Sync="TRUE">0</atprecis><attscale Sync="TRUE">0</attscale></attr><attr><attrlabl Sync="TRUE">waterway</attrlabl><attalias Sync="TRUE">waterway</attalias><attrtype Sync="TRUE">String</attrtype><attwidth Sync="TRUE">254</attwidth><atprecis Sync="TRUE">0</atprecis><attscale Sync="TRUE">0</attscale></attr><attr><attrlabl Sync="TRUE">states</attrlabl><attalias Sync="TRUE">states</attalias><attrtype Sync="TRUE">String</attrtype><attwidth Sync="TRUE">254</attwidth><atprecis Sync="TRUE">0</atprecis><attscale Sync="TRUE">0</attscale></attr><attr><attrlabl Sync="TRUE">femaAccr</attrlabl><attalias Sync="TRUE">femaAccr</attalias><attrtype Sync="TRUE">String</attrtype><attwidth Sync="TRUE">254</attwidth><atprecis Sync="TRUE">0</atprecis><attscale Sync="TRUE">0</attscale></attr><attr><attrlabl Sync="TRUE">femaInfo</attrlabl><attalias Sync="TRUE">femaInfo</attalias><attrtype Sync="TRUE">String</attrtype><attwidth Sync="TRUE">254</attwidth><atprecis Sync="TRUE">0</atprecis><attscale Sync="TRUE">0</attscale></attr><attr><attrlabl Sync="TRUE">Shape_Leng</attrlabl><attalias Sync="TRUE">Shape_Leng</attalias><attrtype Sync="TRUE">Double</attrtype><attwidth Sync="TRUE">19</attwidth><atprecis Sync="TRUE">0</atprecis><attscale Sync="TRUE">0</attscale></attr></detailed></eainfo><mdDateSt Sync="TRUE">20190929</mdDateSt></metadata>
